model,cv_f1_mean,cv_f1_std
Logistic Regression,0.8484116884647106,0.02715799089876589
Decision Tree,0.9955555555555555,0.008888888888888903
Random Forest,0.9957446808510639,0.008510638297872353
