model,accuracy,precision,recall,f1_score,cv_f1_mean,cv_f1_std
Logistic Regression,0.9904306220095693,0.9259259259259259,0.8620689655172413,0.8928571428571429,0.8484116884647106,0.02715799089876589
Decision Tree,1.0,1.0,1.0,1.0,0.9955555555555555,0.008888888888888903
Random Forest,1.0,1.0,1.0,1.0,0.9957446808510639,0.008510638297872353
